id,question,answer
Q1,"Wie kann ich einchecken?","Der Check-In erfolgt an der Rezeption im Erdgeschoss. Sie benötigen Ihre Buchungsbestätigung und einen gültigen Ausweis."
Q2,"Ab wann kann ich einchecken?","Der reguläre Check-In ist ab 15:00 Uhr möglich. Früherer Check-In ist nach Verfügbarkeit möglich."
Q3,"Bis wann muss ich auschecken?","Der Check-Out ist bis 11:00 Uhr möglich."
Q4,"Kann ich mein Gepäck nach dem Check-out aufbewahren lassen?","Ja, wir bewahren Ihr Gepäck sicher an der Rezeption auf, bis Sie abreisen."
Q5,"Kann ich online einchecken?","Ja, wir bieten einen Online-Check-In über den Link in Ihrer Buchungsbestätigung an."
Q6,"Wie funktioniert der Online Check-In?","Klicken Sie auf den Link in Ihrer Buchungsbestätigung, geben Sie Ihre Daten ein und bestätigen Sie die Anreisezeit."
Q7,"Wo ist die Rezeption?","Die Rezeption befindet sich im Erdgeschoss, rechts vom Hoteleingang."
Q8,"Wie lange ist die Rezeption besetzt?","Unsere Rezeption ist täglich von 7:00 bis 23:00 Uhr besetzt."
Q9,"Was mache ich, wenn ich nach 23 Uhr anreise?","Kein Problem! Bitte informieren Sie uns vorher. Sie erhalten einen Zugangscode für den Nachteingang."
Q10,"Wie bekomme ich meinen Zimmerschlüssel?","Sie erhalten Ihren Schlüssel oder Ihre Zimmerkarte beim Check-In an der Rezeption."
Q11,"Wie öffne ich das Zimmer mit Karte?","Halten Sie die Karte an das Schloss, bis die grüne Lampe aufleuchtet, und öffnen Sie dann die Tür."
Q12,"Ich habe meine Karte verloren, was soll ich tun?","Bitte melden Sie sich an der Rezeption. Wir deaktivieren die alte Karte und geben Ihnen eine neue."
Q13,"Kann ich jemanden mit auf mein Zimmer nehmen?","Besucher sind erlaubt, bitte informieren Sie aber die Rezeption aus Sicherheitsgründen."
Q14,"Gibt es WLAN im Hotel?","Ja, kostenloses WLAN steht im gesamten Hotel zur Verfügung."
Q15,"Wie sicher ist das Hotel-WLAN?","Das Netzwerk ist durch WPA2-Verschlüsselung geschützt. Ihre Daten sind sicher, wir empfehlen dennoch keine sensiblen Online-Transaktionen."
Q16,"Wie kann ich ein stärkeres WLAN-Signal bekommen?","Am besten verbinden Sie sich in der Nähe des Routers oder der Hotspots auf dem Flur. Bei Problemen helfen wir gerne mit einem WLAN-Repeater."
Q17,"Gibt es Parkplätze am Hotel?","Ja, es gibt kostenpflichtige Parkplätze direkt vor dem Hotel."
Q18,"Wie viel kostet das Parken?","Das Parken kostet 10 € pro Nacht."
Q19,"Kann ich vorab einen Parkplatz reservieren?","Ja, bitte geben Sie dies bei der Buchung an oder kontaktieren Sie uns vor Ihrer Anreise."
Q20,"Gibt es eine Ladestation für E-Autos?","Ja, wir haben zwei Ladestationen für Elektrofahrzeuge auf dem Parkplatz."
Q21,"Wie nutze ich die E-Ladestation?","Melden Sie sich an der Rezeption, dort erhalten Sie eine Zugangskarte zum Laden."
Q22,"Sind Haustiere erlaubt?","Ja, kleine Haustiere sind auf Anfrage erlaubt. Es fällt eine Reinigungsgebühr von 15 € pro Nacht an."
Q23,"Darf ich im Zimmer rauchen?","Nein, das Hotel ist ein Nichtraucherhotel. Rauchen ist nur in den ausgewiesenen Außenbereichen erlaubt."
Q24,"Gibt es Raucherbereiche?","Ja, auf der Terrasse und neben dem Haupteingang gibt es Raucherzonen."
Q25,"Wie kann ich ein Zimmer buchen?","Sie können direkt auf unserer Website, telefonisch oder über gängige Buchungsportale buchen."
Q26,"Kann ich meine Buchung in eine andere Reisezeit umbuchen?","Ja, eine Umbuchung ist je nach Verfügbarkeit und Tarifbedingungen möglich. Bitte kontaktieren Sie uns frühzeitig."
Q27,"Wie kann ich meine Buchung ändern?","Bitte kontaktieren Sie die Rezeption oder senden Sie uns eine E-Mail an info@bellevue-grand.de."
Q28,"Kann ich eine Rechnung auf meine Firma ausstellen lassen?","Ja, geben Sie einfach die Firmendaten beim Check-In an."
Q29,"Bekomme ich eine Rechnung per E-Mail?","Ja, auf Wunsch senden wir Ihnen die Rechnung als PDF per E-Mail zu."
Q30,"Wie bezahle ich im Hotel?","Wir akzeptieren Barzahlung, EC-Karte, Visa, Mastercard und American Express."
Q31,"Kann ich mit Apple Pay bezahlen?","Ja, kontaktlose Zahlung mit Apple Pay und Google Pay ist möglich."
Q32,"Gibt es ein Restaurant im Hotel?","Ja, unser Restaurant befindet sich im Erdgeschoss und bietet regionale Küche."
Q33,"Wann hat das Restaurant geöffnet?","Das Restaurant ist täglich von 18:00 bis 22:00 Uhr geöffnet."
Q34,"Bietet das Hotel Frühstück an?","Ja, ein Frühstücksbuffet wird täglich von 6:30 bis 10:30 Uhr serviert."
Q35,"Wie viel kostet das Frühstück?","Das Frühstück kostet 15 € pro Person."
Q36,"Kann ich auch ohne Frühstück buchen?","Ja, Sie können bei der Buchung 'ohne Frühstück' wählen oder es vor Ort hinzufügen."
Q37,"Gibt es vegane oder glutenfreie Optionen beim Frühstück?","Ja, bitte informieren Sie uns vorab, damit wir entsprechende Optionen vorbereiten können."
Q38,"Gibt es einen Zimmerservice?","Ja, Zimmerservice steht täglich von 7:00 bis 22:00 Uhr zur Verfügung."
Q39,"Wie bestelle ich Zimmerservice?","Rufen Sie die Nummer 9 von Ihrem Zimmertelefon aus oder nutzen Sie den QR-Code im Zimmer."
Q40,"Kann ich Essen aufs Zimmer bestellen?","Ja, Sie können Speisen aus dem Restaurant oder Snackservice bestellen."
Q41,"Wo finde ich die Speisekarte?","Die aktuelle Speisekarte finden Sie im Zimmer oder über den QR-Code auf dem Schreibtisch."
Q42,"Sind die Getränke in der Minibar kostenlos?","Nein, alle Artikel aus der Minibar werden separat berechnet und auf Ihre Zimmerrechnung gesetzt."
Q43,"Wie melde ich ein Problem im Zimmer?","Bitte kontaktieren Sie die Rezeption telefonisch. Wir kümmern uns sofort darum."
Q44,"Das Licht funktioniert nicht.","Bitte informieren Sie die Rezeption. Der Hausmeister wird sich sofort darum kümmern."
Q45,"Das Wasser ist kalt.","Bitte lassen Sie das Wasser kurz laufen. Wenn es kalt bleibt, informieren Sie bitte sofort die Rezeption."
Q46,"Meine Klimaanlage funktioniert nicht.","Bitte überprüfen Sie, ob sie eingeschaltet ist. Wenn sie weiterhin nicht funktioniert, melden Sie sich an der Rezeption."
Q47,"Gibt es einen Aufzug?","Ja, unser Hotel verfügt über zwei Aufzüge zu allen Etagen."
Q48,"Wie komme ich zum Fitnessraum?","Der Fitnessraum befindet sich im Untergeschoss und ist mit dem Aufzug erreichbar."
Q49,"Wann ist der Fitnessraum geöffnet?","Der Fitnessraum ist rund um die Uhr geöffnet."
Q50,"Gibt es einen Pool?","Ja, unser Innenpool befindet sich im Spa-Bereich im Erdgeschoss."
Q51,"Wann ist der Pool geöffnet?","Der Pool ist täglich von 7:00 bis 22:00 Uhr geöffnet."
Q52,"Welche Saunaarten gibt es im Spa?","Wir bieten eine finnische Sauna und eine Dampfsauna mit unterschiedlichen Temperaturen und Düften."
Q53,"Ist der Spa-Bereich kostenpflichtig?","Für Hotelgäste ist der Zugang zum Spa-Bereich kostenlos."
Q54,"Kann ich eine Massage buchen?","Ja, bitte reservieren Sie Ihre Massage an der Rezeption oder telefonisch."
Q55,"Bietet das Hotel Flughafentransfer an?","Ja, gegen Aufpreis bieten wir einen Shuttle-Service zum Flughafen an."
Q56,"Wie bestelle ich ein Taxi?","Bitte wenden Sie sich an die Rezeption, wir bestellen gern ein Taxi für Sie."
Q57,"Wie komme ich zum Bahnhof?","Der Hauptbahnhof ist etwa 10 Minuten entfernt. Wir rufen Ihnen gern ein Taxi oder erklären den Weg zu Fuß."
Q58,"Wo ist die nächste Bushaltestelle?","Die Bushaltestelle befindet sich direkt vor dem Hoteleingang."
Q59,"Kann ich Gepäck aufbewahren lassen?","Ja, wir bewahren Ihr Gepäck sicher an der Rezeption auf."
Q60,"Gibt es einen Weckdienst?","Ja, bitte geben Sie Ihre gewünschte Weckzeit an der Rezeption an."
Q61,"Kann ich Bügeleisen und Bügelbrett ausleihen?","Ja, wenden Sie sich an die Rezeption, wir bringen es Ihnen aufs Zimmer."
Q62,"Gibt es einen Wäscheservice?","Ja, Sie können Wäsche an der Rezeption abgeben. Die Reinigung dauert in der Regel 24 Stunden."
Q63,"Gibt es einen Safe im Zimmer?","Ja, jedes Zimmer verfügt über einen eigenen Safe im Schrank."
Q64,"Wie funktioniert der Safe?","Geben Sie Ihren vierstelligen Code ein, drücken Sie 'Lock'. Zum Öffnen erneut den Code und 'Unlock'."
Q65,"Ich habe meinen Safe-Code vergessen.","Bitte informieren Sie die Rezeption. Unser Sicherheitsteam kann den Safe öffnen."
Q66,"Gibt es eine Klimaanlage im Zimmer?","Ja, alle Zimmer verfügen über individuell regelbare Klimaanlagen."
Q67,"Wie stelle ich die Temperatur ein?","Benutzen Sie das Wandpanel im Zimmer. Die gewünschte Temperatur lässt sich dort einstellen."
Q68,"Haben die Zimmer Verdunkelungsvorhänge?","Ja, alle Zimmer sind mit lichtundurchlässigen Vorhängen für einen erholsamen Schlaf ausgestattet."
Q69,"Gibt es eine Terrasse oder einen Balkon?","Einige Zimmer verfügen über Balkone. Fragen Sie bei der Buchung danach."
Q70,"Wo kann ich Feedback geben?","Sie können an der Rezeption oder über den Bewertungslink in Ihrer E-Mail Feedback geben."
Q71,"Ich habe etwas im Zimmer vergessen.","Bitte kontaktieren Sie uns, wir prüfen den Fund und senden Ihnen den Gegenstand zu."
Q72,"Wie kann ich Trinkwasser bekommen?","Leitungswasser ist trinkbar. Zusätzlich finden Sie Wasserflaschen in der Minibar."
Q73,"Gibt es Automaten im Hotel?","Ja, Getränke- und Snackautomaten finden Sie im Erdgeschoss und auf Etage 2."
Q74,"Wie kann ich positives Feedback geben?","Wir freuen uns über Ihr Lob – gern direkt an der Rezeption oder über den Bewertungslink in Ihrer Bestätigungs-E-Mail."
Q75,"Wie lautet die Adresse des Hotels?","Unsere Adresse: Musterstraße 1, 12345 Musterstadt, Deutschland."
Q76,"Wie ist die Telefonnummer des Hotels?","Sie erreichen uns unter +49 (0) 123 456 789."
Q77,"An welche E-Mail-Adresse kann ich Feedback senden?","Für Rückmeldungen nutzen Sie bitte feedback@bellevue-grand.de."
Q78,"Bietet das Hotel Tagungsräume an?","Ja, wir haben drei Konferenzräume für bis zu 100 Personen."
Q79,"Wie kann ich einen Tagungsraum buchen?","Bitte kontaktieren Sie unser Veranstaltungsteam per E-Mail an events@hotel-example.de."
Q80,"Gibt es Drucker oder Scanner für Gäste?","Ja, an der Rezeption steht ein Business-Center mit Drucker und Scanner zur Verfügung."
Q81,"Gibt es eine Gepäckwaage?","Ja, an der Rezeption steht eine Gepäckwaage zur Verfügung."
Q82,"Wie kann ich meine Zimmernummer herausfinden?","Ihre Zimmernummer steht auf der Schlüsselkarte und auf dem Umschlag, den Sie beim Check-In erhalten."
Q83,"Ich finde mein Zimmer nicht.","Bitte folgen Sie den Hinweisschildern oder fragen Sie an der Rezeption nach Hilfe."
Q84,"Kann ich ein Babybett bekommen?","Ja, Babybetten stellen wir kostenlos zur Verfügung. Bitte geben Sie das bei der Buchung an."
Q85,"Gibt es barrierefreie Zimmer?","Ja, wir haben mehrere barrierefreie Zimmer. Bitte informieren Sie uns bei der Buchung."
Q86,"Gibt es einen Fahrstuhl für Rollstuhlfahrer?","Ja, unsere Aufzüge sind rollstuhlgerecht gestaltet."
Q87,"Wie melde ich einen Notfall?","Rufen Sie die Rezeption über die Taste 9 oder wählen Sie 112 im Notfall."
Q88,"Gibt es eine Evakuierungskarte im Zimmer?","Ja, auf der Innenseite Ihrer Zimmertür finden Sie einen Flucht- und Rettungsplan mit allen Notausgängen."
Q89,"Gibt es Feueralarmübungen?","Ja, regelmäßig finden Sicherheitsübungen statt. Bitte folgen Sie den Anweisungen des Personals."
Q90,"Was mache ich bei Feueralarm?","Verlassen Sie sofort das Zimmer, nehmen Sie keine Aufzüge und folgen Sie den Fluchtwegschildern."
Q91,"Wo kann ich rauchen?","Rauchen ist nur in den ausgewiesenen Außenbereichen erlaubt."
Q92,"Gibt es Handtuchwechsel?","Ja, Handtücher werden täglich gewechselt. Sie können sie auch mehrmals verwenden, um die Umwelt zu schonen."
Q93,"Kann ich eine umweltfreundliche Zimmerreinigung wählen?","Ja, Sie können die Reinigung auf Wunsch reduzieren, um Ressourcen zu schonen. Informieren Sie dazu einfach die Rezeption."
Q94,"Kann ich den Zimmerservice aussetzen?","Ja, hängen Sie das 'Bitte nicht stören'-Schild an Ihre Tür."
Q95,"Kann ich zusätzliche Kissen oder Decken bekommen?","Ja, kontaktieren Sie die Rezeption. Wir bringen Ihnen gern Extras ins Zimmer."
Q96,"Gibt es Adapter für Steckdosen?","Ja, Adapter erhalten Sie an der Rezeption gegen Pfand."
Q97,"Gibt es Leihfahrräder?","Ja, Sie können Fahrräder an der Rezeption ausleihen."
Q98,"Kann ich Touren buchen?","Ja, wir helfen Ihnen gern bei der Buchung von Stadtführungen und Ausflügen."
Q99,"Wo finde ich Sehenswürdigkeiten in der Nähe?","Informationen zu Sehenswürdigkeiten erhalten Sie an der Rezeption oder im Infoheft im Zimmer."
Q100,"Gibt es einen Shuttle zum Stadtzentrum?","Ja, täglich fährt ein kostenloser Shuttle um 10:00 und 17:00 Uhr ins Zentrum."
id,question,answer
Q101,"Wann gibt es Frühstück?","Das Frühstücksbuffet steht täglich von 6:30 bis 10:30 Uhr für Sie bereit."
Q102,"Wo findet das Frühstück statt?","Das Frühstück wird im Restaurant im Erdgeschoss serviert."
Q103,"Kann ich früher frühstücken?","Ja, auf Anfrage bieten wir ein Early-Bird-Frühstück ab 5:30 Uhr an."
Q104,"Gibt es Frühstück aufs Zimmer?","Ja, Sie können Ihr Frühstück auf dem Zimmer genießen. Bitte bestellen Sie am Vorabend an der Rezeption."
Q105,"Welche Speisen gibt es zum Frühstück?","Wir bieten ein reichhaltiges Buffet mit warmen und kalten Speisen, Obst, Müsli, Brot, Käse und Aufschnitt."
Q106,"Gibt es vegane Optionen beim Frühstück?","Ja, wir bieten täglich vegane Aufstriche, pflanzliche Milchalternativen und frisches Obst."
Q107,"Gibt es glutenfreies Frühstück?","Ja, bitte informieren Sie uns vorab, damit wir glutenfreie Backwaren bereitstellen."
Q108,"Bis wann wird Abendessen serviert?","Das Restaurant hat bis 22:00 Uhr geöffnet, die Küche schließt um 21:30 Uhr."
Q109,"Kann ich Halbpension buchen?","Ja, Halbpension kann bei der Buchung oder beim Check-In hinzugefügt werden."
Q110,"Was kostet Halbpension?","Halbpension kostet 30 € pro Person und Tag inklusive Abendessen."
Q111,"Kann ich Vollpension buchen?","Ja, bitte sprechen Sie uns an. Wir bieten Vollpension je nach Aufenthaltsdauer an."
Q112,"Gibt es vegetarische Gerichte?","Ja, unser Restaurant bietet täglich mehrere vegetarische Gerichte an."
Q113,"Gibt es Kindermenüs?","Ja, im Restaurant steht eine Kinderkarte mit passenden Gerichten zur Verfügung."
Q114,"Gibt es Allergieinformationen zu Speisen?","Ja, alle Allergene sind in der Speisekarte gekennzeichnet. Sprechen Sie unser Personal gerne an."
Q115,"Kann ich Essen mitnehmen?","Ja, auf Wunsch verpacken wir Ihre Speisen zum Mitnehmen."
Q116,"Gibt es Zimmerservice am Abend?","Ja, von 18:00 bis 22:00 Uhr können Sie Speisen und Getränke aufs Zimmer bestellen."
Q117,"Wie rufe ich den Zimmerservice an?","Wählen Sie auf dem Zimmertelefon die Nummer 9, um den Zimmerservice zu erreichen."
Q118,"Gibt es einen Nachtservice?","Ja, Snacks und Getränke sind rund um die Uhr über den Automaten im Erdgeschoss verfügbar."
Q119,"Kann ich Getränke aufs Zimmer bestellen?","Ja, alkoholfreie Getränke und Wein sind über den Zimmerservice erhältlich."
Q120,"Wie kann ich den Weckdienst nutzen?","Rufen Sie die Rezeption an oder hinterlassen Sie Ihre gewünschte Weckzeit beim Check-In."
Q121,"Wie sicher ist der Safe im Zimmer?","Unsere Safes entsprechen aktuellen Sicherheitsstandards und sind nur mit Ihrem individuellen Code zu öffnen."
Q122,"Wie kann ich meinen Safe zurücksetzen?","Bitte melden Sie sich an der Rezeption, wir helfen Ihnen beim Zurücksetzen."
Q123,"Gibt es Handtücher für den Pool?","Ja, Poolhandtücher erhalten Sie kostenfrei im Spa-Bereich."
Q124,"Wo kann ich Bademäntel bekommen?","Bademäntel liegen im Zimmer oder können an der Rezeption ausgeliehen werden."
Q125,"Gibt es einen Föhn im Zimmer?","Ja, jedes Zimmer ist mit einem Föhn ausgestattet."
Q126,"Wie oft werden die Handtücher gewechselt?","Täglich. Hängen Sie Handtücher zum Wiederverwenden auf, um Wasser zu sparen."
Q127,"Gibt es eine Klimaanlage?","Ja, alle Zimmer sind mit individuell regelbarer Klimaanlage ausgestattet."
Q128,"Wie stelle ich die Klimaanlage ein?","Das Bedienfeld befindet sich an der Wand neben der Zimmertür."
Q129,"Wie funktioniert die Heizung?","Die Temperatur lässt sich am Thermostat anpassen. Bei Problemen hilft die Rezeption."
Q130,"Gibt es Fenster, die man öffnen kann?","Ja, in den meisten Zimmern können Sie die Fenster kippen oder öffnen."
Q131,"Sind die Fenster schallisoliert?","Ja, alle Fenster sind schallisoliert für einen ruhigen Schlaf."
Q132,"Gibt es Mückennetze an den Fenstern?","In den meisten Zimmern sind Mückennetze angebracht."
Q133,"Kann ich zusätzliche Bettwäsche bekommen?","Ja, wenden Sie sich an die Rezeption, wir bringen sie Ihnen gerne."
Q134,"Wie oft wird das Zimmer gereinigt?","Zimmer werden täglich gereinigt, auf Wunsch seltener."
Q135,"Wie kann ich die Zimmerreinigung aussetzen?","Hängen Sie bitte das 'Bitte nicht stören'-Schild an die Tür."
Q136,"Wie beantrage ich eine zusätzliche Reinigung?","Kontaktieren Sie die Rezeption, wir organisieren eine zusätzliche Reinigung."
Q137,"Gibt es Wäscheservice am Wochenende?","Ja, aber die Rückgabe erfolgt am Montagmorgen."
Q138,"Wie viel kostet der Wäscheservice?","Die Preise variieren je nach Kleidungsstück. Eine Preisliste liegt im Schrank."
Q139,"Gibt es Bügelservice?","Ja, auf Anfrage wird Ihre Kleidung gebügelt und zurückgebracht."
Q140,"Wie kann ich ein Bügeleisen bekommen?","Fragen Sie an der Rezeption, wir bringen Ihnen ein Bügeleisen aufs Zimmer."
Q141,"Kann ich ein zusätzliches Kissen bekommen?","Ja, rufen Sie die Rezeption an."
Q142,"Welche Kissenarten gibt es?","Wir bieten Feder-, Schaum- und Nackenstützkissen an."
Q143,"Wie kann ich Allergikerbettwäsche erhalten?","Bitte geben Sie Ihren Wunsch bei der Buchung oder beim Check-In an."
Q144,"Wann wird der Müll geleert?","Täglich im Rahmen der Zimmerreinigung."
Q145,"Wie kann ich die Minibar auffüllen lassen?","Informieren Sie die Rezeption, der Zimmerservice kümmert sich darum."
Q146,"Wie bezahle ich Artikel aus der Minibar?","Der Betrag wird beim Check-Out auf die Zimmerrechnung gesetzt."
Q147,"Wie kann ich einen Arzt rufen?","Bitte wenden Sie sich an die Rezeption. Wir rufen bei Bedarf einen Arzt oder Notdienst."
Q148,"Wo ist das nächste Krankenhaus?","Das nächste Krankenhaus ist 3 km entfernt in der Musterstraße 5."
Q149,"Gibt es eine Apotheke in der Nähe?","Ja, die Sonnen-Apotheke ist 300 Meter vom Hotel entfernt."
Q150,"Wie kann ich Medikamente kühlen?","Sie können Medikamente in der Minibar oder an der Rezeption kühl lagern lassen."
Q151,"Wie kann ich einen Taxitransfer bestellen?","Wenden Sie sich an die Rezeption, wir bestellen gerne ein Taxi für Sie."
Q152,"Kann ich ein Shuttle zum Flughafen bekommen?","Ja, bitte reservieren Sie spätestens einen Tag vorher an der Rezeption."
Q153,"Wie viel kostet der Flughafenshuttle?","Der Shuttle kostet 25 € pro Person."
Q154,"Wie kann ich mit öffentlichen Verkehrsmitteln zum Flughafen fahren?","Die Buslinie 50 fährt direkt vom Hotel zum Flughafen, Dauer ca. 30 Minuten."
Q155,"Gibt es Tickets für den Nahverkehr im Hotel?","Ja, Fahrscheine erhalten Sie an der Rezeption."
Q156,"Wie komme ich in die Innenstadt?","Mit der Buslinie 12 (Haltestelle vor dem Hotel) oder mit dem Taxi in 10 Minuten."
Q157,"Gibt es Sehenswürdigkeiten in der Nähe?","Ja, im Umkreis von 2 km befinden sich der Stadtpark, das Museum und die Altstadt."
Q158,"Gibt es Einkaufsmöglichkeiten in der Nähe?","Ja, ein Supermarkt und eine Drogerie befinden sich 200 m vom Hotel entfernt."
Q159,"Kann ich Fahrräder ausleihen?","Ja, Fahrräder können an der Rezeption ausgeliehen werden."
Q160,"Wie viel kostet der Fahrradverleih?","10 € pro Tag und Fahrrad."
Q161,"Gibt es Helme beim Fahrradverleih?","Ja, Helme sind im Preis inbegriffen."
Q162,"Kann ich mein eigenes Fahrrad abstellen?","Ja, im überdachten Fahrradraum hinter dem Hotel."
Q163,"Gibt es Ladestationen für E-Bikes?","Ja, direkt neben dem Fahrradraum."
Q164,"Gibt es eine Garage für Motorräder?","Ja, kostenpflichtige Stellplätze sind vorhanden."
Q165,"Wie sicher ist der Parkplatz?","Der Parkplatz ist videoüberwacht und nachts beleuchtet."
Q166,"Kann ich mein Auto waschen lassen?","Nein, aber in der Nähe gibt es eine Waschanlage. Die Rezeption informiert Sie gern."
Q167,"Gibt es eine E-Ladestation?","Ja, zwei Ladepunkte befinden sich auf dem Hotelparkplatz."
Q168,"Wie bezahle ich das Laden meines E-Autos?","Sie erhalten eine Ladekarte an der Rezeption, Abrechnung erfolgt beim Check-Out."
Q169,"Gibt es WLAN im gesamten Hotel?","Ja, das WLAN ist in allen Bereichen kostenfrei nutzbar."
Q170,"Wie lautet das WLAN-Passwort?","Netzwerkname: HotelGuest, Passwort: Welcome2025"
Q171,"Wie kann ich mich ins WLAN einloggen?","Wählen Sie das Netzwerk 'HotelGuest', geben Sie das Passwort ein und bestätigen Sie."
Q172,"Mein WLAN funktioniert nicht.","Bitte trennen Sie die Verbindung und verbinden Sie sich erneut. Sollte es nicht klappen, wenden Sie sich an die Rezeption."
Q173,"Gibt es einen Drucker für Gäste?","Ja, Sie können Dokumente an der Rezeption drucken oder scannen lassen."
Q174,"Wie kann ich Dokumente drucken?","Senden Sie die Datei per E-Mail an info@hotel-example.de oder bringen Sie einen USB-Stick mit."
Q175,"Kann ich Post empfangen?","Ja, Postsendungen werden an der Rezeption entgegengenommen."
Q176,"Kann ich Pakete versenden?","Ja, wir nehmen Pakete entgegen und leiten sie an den Versanddienst weiter."
Q177,"Gibt es einen Briefkasten?","Ja, neben der Rezeption befindet sich ein Briefkasten für Ihre Post."
Q178,"Wie lautet die Hoteladresse?","Musterstraße 1, 12345 Musterstadt, Deutschland."
Q179,"Wie lautet die Telefonnummer des Hotels?","+49 (0) 123 456 789"
Q180,"Wie lautet die E-Mail-Adresse des Hotels?","info@bellevue-grand.de"
Q181,"Wie sind die Check-In-Zeiten?","Check-In ab 15:00 Uhr, Check-Out bis 11:00 Uhr."
Q182,"Kann ich früher einchecken?","Früher Check-In ist nach Verfügbarkeit möglich, bitte kontaktieren Sie uns vorab."
Q183,"Kann ich später auschecken?","Late Check-Out ist nach Absprache und Verfügbarkeit möglich."
Q184,"Wie bezahle ich meinen Aufenthalt?","Wir akzeptieren Barzahlung, EC-Karte, Visa, Mastercard und Apple Pay."
Q185,"Gibt es eine Rechnung auf Firma?","Ja, bitte geben Sie die Firmendaten beim Check-In an."
Q186,"Kann ich den Namen auf meiner Buchung ändern?","Ja, Änderungen des Namens oder der Rechnungsadresse sind jederzeit vor Anreise möglich."
Q187,"Wie kann ich meine Buchung stornieren?","Kostenlose Stornierung bis 24 Stunden vor Anreise."
Q188,"Gibt es Gruppenrabatte?","Ja, für Gruppen ab 10 Personen bieten wir Sonderkonditionen an."
Q189,"Kann ich einen Geschenkgutschein kaufen?","Ja, Gutscheine erhalten Sie an der Rezeption oder online auf unserer Website."
Q190,"Kann ich mein Haustier mitbringen?","Ja, kleine Haustiere sind auf Anfrage erlaubt. Reinigungsgebühr 15 € pro Nacht."
Q191,"Wo darf ich mit meinem Hund spazieren gehen?","Ein Hundepark befindet sich 200 m vom Hotel entfernt."
Q192,"Gibt es Hundebetten oder Näpfe?","Ja, wir stellen gerne Näpfe und Decken bereit."
Q193,"Wie melde ich ein Problem?","Bitte wenden Sie sich direkt an die Rezeption oder kontaktieren Sie uns telefonisch unter +49 (0) 123 456 789."
Q194,"Was mache ich bei einem Feueralarm?","Verlassen Sie sofort das Zimmer, nehmen Sie keine Aufzüge und folgen Sie den Fluchtwegschildern."
Q195,"Wo sind die Notausgänge?","Die Notausgänge sind auf jedem Fluaxir ausgeschildert."
Q196,"Wie kontaktiere ich die Rezeption?","Vom Zimmertelefon aus wählen Sie die Nummer 9."
Q197,"Wie erreiche ich den Concierge?","Über die Rezeption."
Q198,"Wie kann ich Feedback geben?","Nutzen Sie den Bewertungslink in Ihrer Buchungs-E-Mail oder teilen Sie es direkt an der Rezeption mit."
Q199,"Wie kann ich eine Beschwerde einreichen?","Senden Sie eine E-Mail an feedback@bellevue-grand.de oder sprechen Sie mit dem Management."
Q200,"Wie kann ich Trinkgeld geben?","Sie können bar geben oder beim Check-Out auf die Rechnung setzen lassen."
Q201,"Wie kann ich im Restaurant einen Tisch reservieren?","Bitte wenden Sie sich an die Rezeption oder wählen Sie die Nummer 9 von Ihrem Zimmertelefon, um einen Tisch zu reservieren."
Q202,"Gibt es im Restaurant einen Dresscode?","Ein leger-eleganter Kleidungsstil ist willkommen. Sport- oder Badebekleidung bitten wir zu vermeiden."
Q203,"Wie viele Plätze hat das Restaurant?","Unser Restaurant verfügt über 80 Sitzplätze im Innenbereich und 30 auf der Terrasse."
Q204,"Kann ich draußen essen?","Ja, bei schönem Wetter servieren wir auf unserer Sonnenterrasse."
Q205,"Wie heißen die Köche des Restaurants?","Unser Küchenchef ist Marco Reinhardt, der Souschef ist Anna Meier."
Q206,"Welche Küche wird im Restaurant angeboten?","Wir servieren moderne europäische Küche mit regionalen Zutaten."
Q207,"Gibt es Kindergerichte im Restaurant?","Ja, wir haben eine spezielle Kinderkarte mit kleineren Portionen."
Q208,"Gibt es eine Weinkarte?","Ja, unsere Weinkarte bietet regionale und internationale Weine. Fragen Sie gerne den Sommelier."
Q209,"Kann ich im Restaurant frühstücken, wenn ich kein Hotelgast bin?","Ja, auch externe Gäste sind herzlich willkommen. Bitte reservieren Sie vorab einen Tisch."
Q210,"Kann ich im Restaurant Mittagessen?","Ja, wir servieren täglich ein Mittagsmenü von 12:00 bis 14:30 Uhr."
Q211,"Gibt es ein À-la-carte-Menü?","Ja, Sie können jederzeit à la carte bestellen."
Q212,"Wann öffnet die Bar?","Unsere Hotelbar ist täglich von 17:00 bis 1:00 Uhr geöffnet."
Q213,"Welche Getränke gibt es an der Bar?","Wir bieten Cocktails, Longdrinks, lokale Biere, Weine und alkoholfreie Getränke an."
Q214,"Gibt es Happy Hour Angebote?","Ja, täglich von 17:00 bis 19:00 Uhr erhalten Sie 20 % Rabatt auf alle Cocktails."
Q215,"Kann ich Snacks an der Bar bestellen?","Ja, eine kleine Snackkarte ist verfügbar."
Q216,"Gibt es Live-Musik an der Bar?","Freitags und samstags spielt ein Pianist ab 20:00 Uhr."
Q217,"Kann ich die Bar auch für private Feiern mieten?","Ja, bitte kontaktieren Sie unser Event-Team unter events@hotel-example.de."
Q218,"Kann ich Wein aufs Zimmer bestellen?","Ja, über den Zimmerservice erhalten Sie eine Auswahl an Weinen und Sekt."
Q219,"Gibt es eine Minibar im Zimmer?","Ja, alle Zimmer verfügen über eine Minibar mit Softdrinks und Snacks."
Q220,"Wie oft wird die Minibar aufgefüllt?","Die Minibar wird täglich kontrolliert und bei Bedarf aufgefüllt."
Q221,"Kann ich bestimmte Getränke für die Minibar wünschen?","Ja, individuelle Wünsche können an der Rezeption angegeben werden."
Q222,"Wie kann ich die Klimaanlage einstellen?","Die Steuerung befindet sich an der Wand neben dem Eingang. Temperatur und Lüfter lassen sich individuell anpassen."
Q223,"Wie funktioniert die Heizung im Zimmer?","Die Heizung regelt sich automatisch, Sie können aber über das Thermostat manuell einstellen."
Q224,"Gibt es USB-Steckdosen im Zimmer?","Ja, alle Zimmer sind mit USB- und USB-C-Steckdosen ausgestattet."
Q225,"Gibt es im Zimmer internationale Steckdosen?","Ja, Universal-Steckdosen sind in jedem Zimmer vorhanden."
Q226,"Gibt es einen Adapter an der Rezeption?","Ja, Adapter können kostenlos ausgeliehen werden."
Q227,"Wie funktioniert der Fernseher im Zimmer?","Drücken Sie die Power-Taste auf der Fernbedienung und wählen Sie den gewünschten Kanal über das Menü."
Q228,"Gibt es internationale TV-Sender?","Ja, wir bieten über 40 internationale Kanäle an."
Q229,"Kann ich Netflix oder Amazon Prime am Fernseher nutzen?","Ja, Sie können sich mit Ihrem eigenen Streaming-Account anmelden."
Q230,"Gibt es Bluetooth-Lautsprecher im Zimmer?","Ja, in den Deluxe- und Suite-Zimmern steht ein Bluetooth-Lautsprecher zur Verfügung."
Q231,"Wie funktioniert das WLAN im Zimmer?","Wählen Sie das Netzwerk 'HotelGuest' und geben Sie das Passwort 'Welcome2025' ein."
Q232,"Wie schnell ist das WLAN?","Wir bieten bis zu 200 Mbit/s im gesamten Hotelbereich."
Q233,"Gibt es LAN-Anschlüsse im Zimmer?","Ja, in den Business-Zimmern steht ein LAN-Port zur Verfügung."
Q234,"Wie kann ich ein Zusatzbett bekommen?","Ein Zustellbett kann an der Rezeption angefragt werden, je nach Verfügbarkeit."
Q235,"Was kostet ein Zusatzbett?","Ein Zustellbett kostet 25 € pro Nacht inklusive Frühstück."
Q236,"Gibt es Babybetten?","Ja, Babybetten sind kostenfrei erhältlich. Bitte bei der Buchung angeben."
Q237,"Wie oft wird das Bettzeug gewechselt?","Bettwäsche wird alle zwei Tage gewechselt, auf Wunsch auch täglich."
Q238,"Wie kann ich ein anderes Kissen bekommen?","Bitte wenden Sie sich an die Rezeption. Wir bieten verschiedene Kissenarten an."
Q239,"Gibt es Allergiker-Bettwäsche?","Ja, auf Anfrage stellen wir allergikerfreundliche Bettwäsche bereit."
Q240,"Kann ich Fenster öffnen?","Ja, die meisten Zimmerfenster lassen sich kippen oder öffnen."
Q241,"Sind die Fenster schalldicht?","Ja, alle Zimmer verfügen über schallisolierte Fenster."
Q242,"Gibt es Balkone?","Einige Zimmer verfügen über Balkone oder Terrassen. Bitte bei der Buchung anfragen."
Q243,"Wie kann ich die Vorhänge bedienen?","In einigen Zimmern sind die Vorhänge elektrisch steuerbar, andere manuell."
Q244,"Wie funktioniert der Safe im Zimmer?","Drücken Sie 'Lock' nach Eingabe eines vierstelligen Codes. Zum Öffnen erneut den Code eingeben."
Q245,"Was tun, wenn ich den Safe-Code vergessen habe?","Bitte informieren Sie die Rezeption. Der Sicherheitsdienst kann den Safe öffnen."
Q246,"Gibt es Hausschuhe im Zimmer?","Ja, Hausschuhe liegen im Schrank bereit."
Q247,"Gibt es Bademäntel im Zimmer?","Ja, Bademäntel finden Sie im Kleiderschrank oder erhalten sie an der Rezeption."
Q248,"Gibt es einen Zimmerservice für Reinigung?","Ja, Wäsche- und Reinigungsservice stehen montags bis samstags zur Verfügung."
Q249,"Wie gebe ich Kleidung zur Reinigung ab?","Legen Sie die Kleidung in die Reinigungstüte und geben Sie diese bis 10:00 Uhr an der Rezeption ab."
Q250,"Wie lange dauert der Wäscheservice?","In der Regel 24 Stunden. Express-Service gegen Aufpreis verfügbar."
Q251,"Gibt es einen Bügelservice?","Ja, auf Wunsch wird Ihre Kleidung gebügelt und innerhalb weniger Stunden geliefert."
Q252,"Wie kann ich die Zimmerreinigung abbestellen?","Hängen Sie das Schild 'Bitte nicht stören' an Ihre Tür."
Q253,"Wie kann ich die Zimmerreinigung anfordern?","Kontaktieren Sie den Reinigungsservice."
Q254,"Gibt es eine Kaffeemaschine im Zimmer?","Ja, alle Zimmer sind mit einer Nespresso-Kaffeemaschine ausgestattet."
Q255,"Gibt es Tee im Zimmer?","Ja, es stehen verschiedene Teesorten und ein Wasserkocher bereit."
Q256,"Werden die Kaffeekapseln täglich aufgefüllt?","Ja, sie werden täglich kostenlos nachgefüllt."
Q257,"Wie kann ich extra Kapseln bekommen?","Rufen Sie an der Rezeption an."
Q258,"Gibt es ein Bügeleisen im Zimmer?","In den Deluxe-Zimmern ja, sonst erhalten Sie eines an der Rezeption."
Q259,"Gibt es Steckdosen im Bad?","Ja, eine 230V-Steckdose befindet sich neben dem Spiegel."
Q260,"Wie kann ich Handtücher wechseln lassen?","Lassen Sie gebrauchte Handtücher auf dem Boden liegen. Aufgehängte Handtücher werden nicht gewechselt."
Q261,"Wie oft werden Handtücher gewechselt?","Täglich oder nach Wunsch, um Ressourcen zu schonen."
Q262,"Gibt es einen Schminkspiegel im Bad?","Ja, alle Zimmer sind mit beleuchtetem Kosmetikspiegel ausgestattet."
Q263,"Gibt es Pflegeprodukte im Bad?","Ja, Shampoo, Duschgel, Bodylotion und Seife stehen bereit."
Q264,"Welche Marke sind die Pflegeprodukte?","Wir verwenden umweltfreundliche Produkte der Marke 'Green Essence'."
Q265,"Wie kann ich zusätzliche Pflegeprodukte anfordern?","Bitte kontaktieren Sie die Rezeption."
Q266,"Gibt es eine Badewanne?","Einige Zimmer verfügen über eine Badewanne, andere über eine Dusche."
Q267,"Kann ich ein Zimmer mit Badewanne buchen?","Ja, bitte geben Sie diesen Wunsch bei der Buchung an."
Q268,"Wie kann ich den Spa-Bereich nutzen?","Der Zugang ist für Hotelgäste kostenlos. Öffnungszeiten: 07:00–22:00 Uhr."
Q269,"Gibt es Massagen?","Ja, verschiedene Massageangebote sind verfügbar. Bitte an der Rezeption buchen."
Q270,"Wie buche ich eine Massage?","Rufen Sie die Rezeption an."
Q271,"Gibt es einen Fitnessraum?","Ja, der Fitnessraum befindet sich im Untergeschoss und ist 24 Stunden geöffnet."
Q272,"Welche Geräte gibt es im Fitnessraum?","Laufbänder, Crosstrainer, Hanteln, Kraftstationen und Yogamatten."
Q273,"Gibt es Personal Trainer?","Ja, nach Vereinbarung bieten wir Personal Training an."
Q274,"Gibt es eine Sauna?","Ja, im Spa-Bereich. Öffnungszeiten 10:00–22:00 Uhr."
Q275,"Wie heiß ist die Sauna?","Unsere finnische Sauna ist auf 90°C eingestellt."
Q276,"Gibt es eine Dampfsauna?","Ja, die Dampfsauna hat ca. 45°C."
Q277,"Gibt es einen Ruheraum?","Ja, mit Liegen, leiser Musik und Teeauswahl."
Q278,"Gibt es Handtücher im Spa?","Ja, frische Handtücher liegen im Spa bereit."
Q279,"Muss ich für den Spa-Bereich bezahlen?","Nein, der Zugang ist für Hotelgäste inklusive."
Q280,"Wie kann ich den Pool nutzen?","Der Pool befindet sich im Erdgeschoss. Geöffnet 07:00–22:00 Uhr."
Q281,"Wie tief ist der Pool?","Der Pool ist 1,40 m tief."
Q282,"Gibt es einen Whirlpool?","Ja, im Spa-Bereich steht ein Whirlpool zur Verfügung."
Q283,"Gibt es Bademeister im Poolbereich?","Nein, die Nutzung erfolgt auf eigene Verantwortung."
Q284,"Gibt es Poolhandtücher?","Ja, erhalten Sie direkt im Spa oder an der Rezeption."
Q285,"Darf ich im Poolbereich essen oder trinken?","Nein, bitte keine Speisen im Poolbereich verzehren. Getränke sind erlaubt."
Q286,"Gibt es einen Außenpool?","Nein, aber eine Sonnenterrasse mit Liegen und Service."
Q287,"Gibt es Sonnenschirme im Außenbereich?","Ja, auf der Terrasse stehen Sonnenschirme zur Verfügung."
Q288,"Wie kann ich Liegen im Spa reservieren?","Liegen können nicht reserviert werden, es gilt das Prinzip 'Wer zuerst kommt'."
Q289,"Gibt es Handtuchservice am Pool?","Ja, Handtücher werden gestellt und nach Gebrauch gesammelt."
Q290,"Gibt es einen Friseursalon im Hotel?","Ja, unser Friseur befindet sich im Spa-Bereich, Termine nach Vereinbarung."
Q291,"Gibt es Kosmetikbehandlungen?","Ja, Gesichts- und Körperbehandlungen sind im Spa-Angebot enthalten."
Q292,"Wie kann ich eine Gesichtsbehandlung buchen?","Bitte melden Sie sich an der Rezeption oder direkt im Spa."
Q293,"Wie kann ich eine Fußpflege buchen?","Bitte vereinbaren Sie den Termin an der Rezeption oder im Spa-Bereich."
Q294,"Kann ich Massagen aufs Zimmer buchen?","Ja, gegen Aufpreis bieten wir Massagen auf dem Zimmer an."
Q295,"Gibt es einen Spa-Shop?","Ja, dort erhalten Sie Pflegeprodukte und Spa-Gutscheine."
Q296,"Kann ich Spa-Gutscheine kaufen?","Ja, Gutscheine sind an der Rezeption und im Spa erhältlich."
Q297,"Wie kann ich ein Paarangebot im Spa buchen?","Bitte kontaktieren Sie den Spa-Empfang oder schreiben Sie an spa@hotel-example.de."
Q298,"Gibt es eine Getränkestation im Spa?","Ja, Wasser, Tee und Obst stehen kostenlos zur Verfügung."
Q299,"Gibt es WLAN im Spa?","Ja, WLAN steht auch im gesamten Spa-Bereich zur Verfügung."
Q300,"Wie kann ich mein Feedback zum Spa abgeben?","Sie können direkt am Spa-Empfang Feedback geben."
Q301,"Muss ich beim Check-In mit einem Mitarbeiter sprechen?","Nein, Sie können einfach online einchecken."
Q302,"Hallo","Hallo!"
